"psi.values","stat.values","p.value","actual"
2014.77777777778,21.7427567688739,6.37881461606921e-13,2013.85265458387
2019,-2.9248725915084,0.0902815668850887,NA
