"psi.values","stat.values","p.value","actual"
2013.33333333333,24.1082620036535,3.30215046685696e-14,2013.62555002471
2020,-4.36352196729796,0.00451829970536667,NA
