"psi.values","stat.values","p.value","actual"
2013.33333333333,24.1082620033479,3.30215046770939e-14,2013.62555005121
2020,-4.36352206687331,0.00451829877263975,NA
