"psi.values","stat.values","p.value","actual"
2013.33333333333,15.7166885692901,7.06138700523769e-11,2013.34157357526
2020,-4.50226194375349,0.00306848645135093,NA
