"psi.values","stat.values","p.value","actual"
2014.77777777778,21.7427567688739,6.37881461606921e-13,2013.85265461839
2019,-2.92487271420385,0.0902815511298544,NA
